,PDB,pH,Elektrode,Ligand,EM,Delta EM,Variant,Einheit,pdb,EMv,EM_std
285,1BE3,nan,NHE,Bis-His,100,,,eV,1be3,100.0,0.0
286,1BE3,nan,NHE,His-Met,250,,,eV,1be3,250.0,0.0
284,1BE3,nan,NHE,Bis-His,-10,,,eV,1be3,-10.0,0.0
293,1BVB,7,NHE,His,47,,,eV,1bvb,47.0,0.0
292,1BVB,7,NHE,Bis-His,47,,,eV,1bvb,47.0,0.0
294,1BVB,7,NHE,Bis-His,-147,,,eV,1bvb,-147.0,0.0
295,1BVB,7,NHE,Bis-His,-276,,,eV,1bvb,-276.0,0.0
86,1C2R,7,SHE,His-Met,350,,,eV,1c2r,350.0,0.0
87,1C2R,7,SHE,His-Met,350,,,eV,1c2r,350.0,0.0
254,1CNO,nan,NHE,His-Met,250,,,eV,1cno,250.0,0.0
253,1CNO,nan,NHE,His-Met,250,,,eV,1cno,250.0,0.0
252,1CNO,nan,NHE,His-Met,250,,,eV,1cno,250.0,0.0
247,1CNO,nan,NHE,His-Met,250,,,eV,1cno,250.0,0.0
251,1CNO,nan,NHE,His-Met,250,,,eV,1cno,250.0,0.0
248,1CNO,nan,NHE,His-Met,250,,,eV,1cno,250.0,0.0
249,1CNO,nan,NHE,His-Met,250,,,eV,1cno,250.0,0.0
250,1CNO,nan,NHE,His-Met,250,,,eV,1cno,250.0,0.0
306,1CPO,6.2000000000000002,NHE,,-95,,,eV,1cpo,-95.0,0.0
318,1CPO,3.3999999999999999,NHE,,114,,,eV,1cpo,114.0,0.0
317,1CPO,3.7000000000000002,NHE,,100,,,eV,1cpo,100.0,0.0
316,1CPO,3.8999999999999999,NHE,,90,,,eV,1cpo,90.0,0.0
315,1CPO,4,NHE,,86,,,eV,1cpo,86.0,0.0
314,1CPO,4.0999999999999996,NHE,,84+-4,,,eV,1cpo,84.0,4.0
312,1CPO,4.5999999999999996,NHE,,80,,,eV,1cpo,80.0,0.0
305,1CPO,6.2999999999999998,NHE,,-103+-3,,,eV,1cpo,-103.0,3.0
301,1CPO,6.9000000000000004,NHE,,-138,,,eV,1cpo,-138.0,0.0
311,1CPO,4.75,NHE,,4,,,eV,1cpo,4.0,0.0
302,1CPO,6.75,NHE,,-110,,,eV,1cpo,-110.0,0.0
309,1CPO,5.2000000000000002,NHE,,-46,,,eV,1cpo,-46.0,0.0
308,1CPO,5.7000000000000002,NHE,,-62+-6,,,eV,1cpo,-62.0,6.0
307,1CPO,5.8499999999999996,NHE,,-85,,,eV,1cpo,-85.0,0.0
303,1CPO,6.7000000000000002,NHE,,-121+-6,,,eV,1cpo,-121.0,6.0
304,1CPO,6.3499999999999996,NHE,,-115,,,eV,1cpo,-115.0,0.0
313,1CPO,4.5,NHE,,85,,,eV,1cpo,85.0,0.0
310,1CPO,5.0999999999999996,NHE,,-30,,,eV,1cpo,-30.0,0.0
323,1CPO,5.1500000000000004,NHE,,66,,,eV,1cpo,66.0,0.0
320,1CPO,6.5499999999999998,NHE,CO,56,,,eV,1cpo,56.0,0.0
327,1CPO,4.0999999999999996,NHE,,106,,,eV,1cpo,106.0,0.0
326,1CPO,4.2999999999999998,NHE,,90,,,eV,1cpo,90.0,0.0
319,1CPO,3,NHE,,144+-1,,,eV,1cpo,144.0,1.0
325,1CPO,4.5,NHE,,84,,,eV,1cpo,84.0,0.0
328,1CPO,3.7999999999999998,NHE,,112,,,eV,1cpo,112.0,0.0
322,1CPO,5.7000000000000002,NHE,,65,,,eV,1cpo,65.0,0.0
321,1CPO,6.0999999999999996,NHE,,53,,,eV,1cpo,53.0,0.0
324,1CPO,5.0999999999999996,NHE,,60,,,eV,1cpo,60.0,0.0
94,1CRC,7,SHE,His-Met,260,,,eV,1crc,260.0,0.0
95,1CRC,7,SHE,His-Met,260,,,eV,1crc,260.0,0.0
196,1CZJ,nan,NHE,Bis-His,-280,,,eV,1czj,-280.0,0.0
197,1CZJ,nan,NHE,Bis-His,-150,,,eV,1czj,-150.0,0.0
195,1CZJ,nan,NHE,Bis-His,-350,,,eV,1czj,-350.0,0.0
194,1CZJ,nan,NHE,Bis-His,-318,,,eV,1czj,-318.0,0.0
414,1DJ1,7,SHE,,-150.19999999999999,22.5,R48A,eV,1dj1,-150.2,0.0
415,1DJ1,7,SHE,,-202.30000000000001,-29.699999999999999,,eV,1dj1,-202.3,0.0
290,1DXR,nan,NHE,His-Met,380,,,eV,1dxr,380.0,0.0
289,1DXR,nan,NHE,His-Met,310,,,eV,1dxr,310.0,0.0
288,1DXR,nan,NHE,His-Met,-60,,,eV,1dxr,-60.0,0.0
291,1DXR,nan,NHE,Bis-His,20,,,eV,1dxr,20.0,0.0
273,1EB7,nan,NHE,His-Met,320,,,eV,1eb7,320.0,0.0
272,1EB7,nan,NHE,Bis-His,-330,,,eV,1eb7,-330.0,0.0
271,1EB7,nan,NHE,His-Met,320,,,eV,1eb7,320.0,0.0
270,1EB7,nan,NHE,Bis-His,-330,,,eV,1eb7,-330.0,0.0
234,1ETP,nan,NHE,His-Met,237,,,eV,1etp,237.0,0.0
236,1ETP,nan,NHE,His-Met,330,,,eV,1etp,330.0,0.0
235,1ETP,nan,NHE,His-Met,330,,,eV,1etp,330.0,0.0
237,1ETP,nan,NHE,His-Met,237,,,eV,1etp,237.0,0.0
244,1F1C,nan,NHE,Bis-His,-260+-20,,,eV,1f1c,-260.0,20.0
243,1F1C,7,NHE,Bis-His,-260+-20,,,eV,1f1c,-260.0,20.0
188,1FJ0,nan,NHE,His-Met,350,,,eV,1fj0,350.0,0.0
187,1FJ0,nan,NHE,His-Met,350,,,eV,1fj0,350.0,0.0
186,1FJ0,nan,NHE,His-Met,350,,,eV,1fj0,350.0,0.0
185,1FJ0,nan,NHE,His-Met,350,,,eV,1fj0,350.0,0.0
282,1GU2,nan,NHE,Bis-His,-60,,,eV,1gu2,-60.0,0.0
283,1GU2,nan,NHE,Bis-His,-60,,,eV,1gu2,-60.0,0.0
199,1GYO,nan,NHE,Bis-His,-295,,,eV,1gyo,-295.0,0.0
200,1GYO,nan,NHE,Bis-His,-180,,,eV,1gyo,-180.0,0.0
203,1GYO,nan,NHE,Bis-His,-295,,,eV,1gyo,-295.0,0.0
198,1GYO,nan,NHE,Bis-His,-260,,,eV,1gyo,-260.0,0.0
204,1GYO,nan,NHE,Bis-His,-180,,,eV,1gyo,-180.0,0.0
205,1GYO,nan,NHE,Bis-His,-280,,,eV,1gyo,-280.0,0.0
202,1GYO,nan,NHE,Bis-His,-260,,,eV,1gyo,-260.0,0.0
201,1GYO,nan,NHE,Bis-His,-280,,,eV,1gyo,-280.0,0.0
354,1GYQ,7,SHE,,291,,,eV,1gyq,291.0,0.0
360,1GYQ,7,SHE,,287,,,eV,1gyq,287.0,0.0
359,1GYQ,7,SHE,His-Met,380,,in the d1 depleted protein,eV,1gyq,380.0,0.0
358,1GYQ,8,SHE,His-Met,290,,when d1 heme is NO bound,eV,1gyq,290.0,0.0
355,1GYQ,9.0999999999999996,SHE,,255,,,eV,1gyq,255.0,0.0
356,1GYQ,7,SHE,His-Met,214,,when d1 heme is CO bound,eV,1gyq,214.0,0.0
357,1GYQ,9,SHE,,175,,,eV,1gyq,175.0,0.0
353,1GYQ,6.5999999999999996,SHE,His-Met,290,,when d1 heme is unbound,eV,1gyq,290.0,0.0
239,1H1O,nan,NHE,His-Met,450,,,eV,1h1o,450.0,0.0
238,1H1O,nan,NHE,His-Met,350,,,eV,1h1o,350.0,0.0
241,1H1O,nan,NHE,His-Met,450,,,eV,1h1o,450.0,0.0
240,1H1O,nan,NHE,His-Met,350,,,eV,1h1o,350.0,0.0
255,1HH5,nan,NHE,Bis-His,-200,,,eV,1hh5,-200.0,0.0
256,1HH5,nan,NHE,Bis-His,-140,,,eV,1hh5,-140.0,0.0
257,1HH5,nan,NHE,Bis-His,-200,,,eV,1hh5,-200.0,0.0
274,1IQC,nan,NHE,mono-His,-260,,,eV,1iqc,-260.0,0.0
275,1IQC,nan,NHE,His-Met,450,,,eV,1iqc,450.0,0.0
276,1IQC,nan,NHE,mono-His,-260,,,eV,1iqc,-260.0,0.0
277,1IQC,nan,NHE,His-Met,450,,,eV,1iqc,450.0,0.0
279,1IQC,nan,NHE,His-Met,450,,,eV,1iqc,450.0,0.0
280,1IQC,nan,NHE,mono-His,-260,,,eV,1iqc,-260.0,0.0
281,1IQC,nan,NHE,His-Met,450,,,eV,1iqc,450.0,0.0
278,1IQC,nan,NHE,mono-His,-260,,,eV,1iqc,-260.0,0.0
209,1J0O,nan,NHE,Bis-His,-318,,,eV,1j0o,-318.0,0.0
208,1J0O,nan,NHE,Bis-His,-291,,,eV,1j0o,-291.0,0.0
206,1J0O,nan,NHE,Bis-His,-263,,,eV,1j0o,-263.0,0.0
207,1J0O,nan,NHE,Bis-His,-340,,,eV,1j0o,-340.0,0.0
192,1J8P,nan,NHE,His-Met,350,,,eV,1j8p,350.0,0.0
191,1J8P,nan,NHE,His-Met,350,,,eV,1j8p,350.0,0.0
190,1J8P,nan,NHE,His-Met,350,,,eV,1j8p,350.0,0.0
189,1J8P,nan,NHE,His-Met,350,,,eV,1j8p,350.0,0.0
258,1JJU,nan,NHE,His-Met,235,,,eV,1jju,235.0,0.0
259,1JJU,nan,NHE,Bis-His,149,,,eV,1jju,149.0,0.0
182,1JME,nan,SHE,,-151,,F393A+AA,eV,1jme,-151.0,0.0
180,1JME,nan,SHE,,-295,,F393Y+AA,eV,1jme,-295.0,0.0
179,1JME,nan,SHE,,-289,,wt+AA,eV,1jme,-289.0,0.0
178,1JME,nan,SHE,,-330,,F393W+AA,eV,1jme,-330.0,0.0
177,1JME,nan,SHE,,-312,,F393A,eV,1jme,-312.0,0.0
181,1JME,nan,SHE,,-176,,F393H+AA,eV,1jme,-176.0,0.0
176,1JME,nan,SHE,,-332,,F393H ,eV,1jme,-332.0,0.0
232,1M1R,nan,NHE,Bis-His,-138,,,eV,1m1r,-138.0,0.0
231,1M1R,nan,NHE,Bis-His,-219,,,eV,1m1r,-219.0,0.0
230,1M1R,nan,NHE,Bis-His,-248,,,eV,1m1r,-248.0,0.0
233,1M1R,nan,NHE,Bis-His,-192,,,eV,1m1r,-192.0,0.0
339,1NSI,7,NHE,"H4B, Arg",-248,,,eV,1nsi,-248.0,0.0
329,1NSI,7,NHE,,-347,,,eV,1nsi,-347.0,0.0
330,1NSI,nan,NHE,Arg,-235,,,eV,1nsi,-235.0,0.0
335,1NSI,7,NHE,"H4B, L-NAME",-460,,,eV,1nsi,-460.0,0.0
332,1NSI,7,NHE,"H4B, Arg",-263,,,eV,1nsi,-263.0,0.0
333,1NSI,7,NHE,"H4B, aminoguan",-279,,,eV,1nsi,-279.0,0.0
336,1NSI,7,NHE,,-239,,,eV,1nsi,-239.0,0.0
337,1NSI,7,NHE,Arg,-220,,,eV,1nsi,-220.0,0.0
338,1NSI,7,NHE,H4B,-257,,,eV,1nsi,-257.0,0.0
342,1NSI,7,NHE,"H4B, L-NAME",-460,,,eV,1nsi,-460.0,0.0
341,1NSI,7,NHE,"H4B, SEITU",-281,,,eV,1nsi,-281.0,0.0
340,1NSI,7,NHE,"H4B, aminoguan",-247,,,eV,1nsi,-247.0,0.0
331,1NSI,7,NHE,H4B,-295,,,eV,1nsi,-295.0,0.0
334,1NSI,7,NHE,"H4B, SEITU",-322,,,eV,1nsi,-322.0,0.0
1,1QPU,7.2,NHE,Met-His,62+-5,105,F61Y F65Y R98K R106Q ,mV,1qpu,62.0,5.0
28,1QPU,7.2,NHE,Met-His,77+-2,90,R106E,mV,1qpu,77.0,2.0
13,1QPU,7.2,NHE,Met-His,116+-9,51,R98L R106Q,mV,1qpu,116.0,9.0
27,1QPU,7.2,NHE,Met-His,99+-1,68,R106M ,mV,1qpu,99.0,1.0
14,1QPU,7.2,NHE,Met-His,60+-2,107,R98A R106S,mV,1qpu,60.0,2.0
15,1QPU,7.2,NHE,Met-His,116+-3,51,R98V R106Q ,mV,1qpu,116.0,3.0
10,1QPU,7.2,NHE,Met-His,9+-1,158,F61I F65Y R106L,mV,1qpu,9.0,1.0
9,1QPU,7.2,NHE,Met-His,42+-3,125,F61I F65Y R106W,mV,1qpu,42.0,3.0
8,1QPU,7.2,NHE,Met-His,79+-2,88,F61I F65Y R106K,mV,1qpu,79.0,2.0
101,1QPU,7,SHE,His-Met,168,,,eV,1qpu,168.0,0.0
16,1QPU,7.2,NHE,Met-His,120+-4,47,R98H,mV,1qpu,120.0,4.0
12,1QPU,7.2,NHE,Met-His,103+-2,64,R98K R106G ,mV,1qpu,103.0,2.0
18,1QPU,7.2,NHE,Met-His,146+-5,21,R98A,mV,1qpu,146.0,5.0
19,1QPU,7.2,NHE,Met-His,125+-4,42,R98F,mV,1qpu,125.0,4.0
20,1QPU,7.2,NHE,Met-His,117+-1,50,R98G,mV,1qpu,117.0,1.0
17,1QPU,7.2,NHE,Met-His,104+-3,63,R98E,mV,1qpu,104.0,3.0
22,1QPU,7.2,NHE,Met-His,157+-3,10,R98P,mV,1qpu,157.0,3.0
2,1QPU,7.2,NHE,Met-His,66+-4,101,F61I F65YR98K,mV,1qpu,66.0,4.0
3,1QPU,7.2,NHE,Met-His,57+-2,110,F61I F65Y R98G,mV,1qpu,57.0,2.0
21,1QPU,7.2,NHE,Met-His,111+-1,56,R98L,mV,1qpu,111.0,1.0
4,1QPU,7.2,NHE,Met-His,65+-5,102,F61I F65Y R98A,mV,1qpu,65.0,5.0
5,1QPU,7.2,NHE,Met-His,7+-2,160,F61I F65Y R98L ,mV,1qpu,7.0,2.0
11,1QPU,7.2,NHE,Met-His,67+-3,100,R98W R106K,mV,1qpu,67.0,3.0
7,1QPU,7.2,NHE,Met-His,47+-8,120,F61I F65Y R98T,mV,1qpu,47.0,8.0
26,1QPU,7.2,NHE,Met-His,145+-2,22,R106K,mV,1qpu,145.0,2.0
25,1QPU,7.2,NHE,Met-His,107+-2,60,R106S,mV,1qpu,107.0,2.0
24,1QPU,7.2,NHE,Met-His,160+-5,7,R98K,mV,1qpu,160.0,5.0
23,1QPU,7.2,NHE,Met-His,66+-4,101,R98W,mV,1qpu,66.0,4.0
6,1QPU,7.2,NHE,Met-His,34+-14,133,F61I F65Y R98F,mV,1qpu,34.0,14.0
135,1UPD,nan,SCE,,-324.9,,heme 3,eV,1upd,-324.9,0.0
133,1UPD,nan,SCE,His-His,-320.9,,heme 1,eV,1upd,-320.9,0.0
132,1UPD,nan,SCE,,-302.8,,heme 4,eV,1upd,-302.8,0.0
131,1UPD,nan,SCE,,-339.8,,heme 3,eV,1upd,-339.8,0.0
130,1UPD,nan,SCE,,-327.6,,heme 2,eV,1upd,-327.6,0.0
129,1UPD,nan,SCE,His-His,-270,,heme 1,eV,1upd,-270.0,0.0
134,1UPD,nan,SCE,,-291.4,,heme 2,eV,1upd,-291.4,0.0
437,1V9Z,nan,NHE,,67,,,eV,1v9z,67.0,0.0
649,1V9Z,nan,SHE,,63.9 +- 5,,wt,mV,1v9z,63.9,5.0
121,1YNR,7,SCE,His-Met,236+-2,,wild type,eV,1ynr,236.0,2.0
122,1YNR,7,SCE,His-Met,177+-1,,M13V,eV,1ynr,177.0,1.0
128,1YNR,nan,SCE,His-Met,nan,,,eV,1ynr,,0.0
126,1YNR,nan,SCE,His-Met,nan,,,eV,1ynr,,0.0
125,1YNR,nan,SCE,His-Met,nan,,,eV,1ynr,,0.0
127,1YNR,nan,SCE,His-Met,nan,,,eV,1ynr,,0.0
124,1YNR,nan,SCE,His-Met,155+-2,,M13V/K22M,eV,1ynr,155.0,2.0
123,1YNR,7,SCE,His-Met,199+-1,,K22M,eV,1ynr,199.0,1.0
103,256B,7,SHE,His-Met,168,,,eV,256b,168.0,0.0
102,256B,7,SHE,His-Met,168,,,eV,256b,168.0,0.0
346,2C1D,7,NHE,Cys-His,?,,,eV,2c1d,,0.0
348,2C1D,7,NHE,Met-His,189+-15,,,eV,2c1d,189.0,15.0
347,2C1D,7,NHE,Css-His,-432+-15,,,eV,2c1d,-432.0,15.0
213,2CDV,nan,NHE,Bis-His,-291,,,eV,2cdv,-291.0,0.0
212,2CDV,nan,NHE,Bis-His,-263,,,eV,2cdv,-263.0,0.0
211,2CDV,nan,NHE,Bis-His,-340,,,eV,2cdv,-340.0,0.0
210,2CDV,nan,NHE,Bis-His,-318,,,eV,2cdv,-318.0,0.0
45,2CE0,7,SHE,,89,,I17A/G18A oxidized ,mV,2ce0,89.0,0.0
43,2CE0,7,SHE,,83,,I17A/G18A oxidized ,mV,2ce0,83.0,0.0
216,2CTH,nan,NHE,Bis-His,-250,,,eV,2cth,-250.0,0.0
217,2CTH,nan,NHE,Bis-His,-305,,,eV,2cth,-305.0,0.0
218,2CTH,nan,NHE,Bis-His,-305,,,eV,2cth,-305.0,0.0
219,2CTH,nan,NHE,Bis-His,-345,,,eV,2cth,-345.0,0.0
220,2CTH,nan,NHE,Bis-His,-250,,,eV,2cth,-250.0,0.0
221,2CTH,nan,NHE,Bis-His,-305,,,eV,2cth,-305.0,0.0
215,2CTH,nan,NHE,Bis-His,-345,,,eV,2cth,-345.0,0.0
214,2CTH,nan,NHE,Bis-His,-305,,,eV,2cth,-305.0,0.0
44,2DGE,7,SHE,,94,,wt ,mV,2dge,94.0,0.0
42,2DGE,7,SHE,,71,,wt ,mV,2dge,71.0,0.0
175,2HPD,nan,SHE,,-418,,F393Y,eV,2hpd,-418.0,0.0
174,2HPD,nan,SHE,,-427,,wt ,eV,2hpd,-427.0,0.0
46,2V07,7,SHE,,168,,I17A/G18A/V52Q oxidized,mV,2v07,168.0,0.0
49,2V07,7,SHE,,83,12,AA,mV,2v07,83.0,0.0
48,2V07,7,SHE,,105,34,A31K,mV,2v07,105.0,0.0
47,2V07,7,SHE,,180,109,V52Q,mV,2v07,180.0,0.0
50,2V07,7,SHE,,168,97,AA-V52Q,mV,2v07,168.0,0.0
58,2YCC,7.4,SHE,Met,262+-3,,K79G,mV,2ycc,262.0,3.0
59,2YCC,7.4,SHE,,197+-4,,T49V/K79G,mV,2ycc,197.0,4.0
60,2YCC,7.4,SHE,,275+-3,,T78V/K79G,mV,2ycc,275.0,3.0
92,2YCC,7,SHE,His-Met,290,,,eV,2ycc,290.0,0.0
118,351C,7,SCE,His-Met,314+-2,,M22K,eV,351c,314.0,2.0
119,351C,7,SCE,His-Met,306+-3,,V13M/M22K,eV,351c,306.0,3.0
116,351C,7,SCE,His-Met,276+-2,,wild type,eV,351c,276.0,2.0
117,351C,7,SCE,His-Met,284+-2,,V13M,eV,351c,284.0,2.0
225,3CAO,nan,NHE,Bis-His,-240,,,eV,3cao,-240.0,0.0
224,3CAO,nan,NHE,Bis-His,-260,,,eV,3cao,-260.0,0.0
223,3CAO,nan,NHE,Bis-His,-270,,,eV,3cao,-270.0,0.0
222,3CAO,nan,NHE,Bis-His,-210,,,eV,3cao,-210.0,0.0
227,3CAR,nan,NHE,Bis-His,-270,,,eV,3car,-270.0,0.0
228,3CAR,nan,NHE,Bis-His,-260,,,eV,3car,-260.0,0.0
226,3CAR,nan,NHE,Bis-His,-210,,,eV,3car,-210.0,0.0
229,3CAR,nan,NHE,Bis-His,-240,,,eV,3car,-240.0,0.0
344,4K8F,7,NHE,,-420,,H77G,eV,4k8f,-420.0,0.0
345,4K8F,7,NHE,Cys-His,-390,,Met80Cys,eV,4k8f,-390.0,0.0
343,4K8F,7,NHE,Cys-His,-320,,wt,eV,4k8f,-320.0,0.0
380,4MU8,6,SHE,,258+-2,,K79T,eV,4mu8,258.0,2.0
377,4MU8,6,SHE,,234+-2,,Y67F,eV,4mu8,234.0,2.0
378,4MU8,6,SHE,,292+-2,,K79A,eV,4mu8,292.0,2.0
365,4MU8,7,SHE,Met-His,269,,wt,eV,4mu8,269.0,0.0
366,4MU8,7,SHE,Met-His,229,,,eV,4mu8,229.0,0.0
367,4MU8,7,SHE,His-His,-148,,Phe82His,eV,4mu8,-148.0,0.0
368,4MU8,7,SHE,Met-His,255,,Cys102Ser/imisazole,eV,4mu8,255.0,0.0
369,4MU8,6,SHE,Met-His,290+-2,,wt,eV,4mu8,290.0,2.0
370,4MU8,6,SHE,,263+-2,,Y48F,eV,4mu8,263.0,2.0
371,4MU8,6,SHE,,210+-2,,Y48H,eV,4mu8,210.0,2.0
379,4MU8,6,SHE,,234+-2,,K79S,eV,4mu8,234.0,2.0
374,4MU8,6,SHE,,232+-2,,N52I,eV,4mu8,232.0,2.0
372,4MU8,6,SHE,,407+-2,,Y48K,eV,4mu8,407.0,2.0
376,4MU8,6,SHE,,220+-2,,W59F/Y48F,eV,4mu8,220.0,2.0
375,4MU8,6,SHE,,253+-2,,W59F,eV,4mu8,253.0,2.0
373,4MU8,6,SHE,,262+-2,,N52A,eV,4mu8,262.0,2.0
63,4Q5P,7.4,SHE,,-144,,T78V/K79G,mV,4q5p,-144.0,0.0
62,4Q5P,7.4,SHE,,-151,,T49V/K79G,mV,4q5p,-151.0,0.0
61,4Q5P,7.4,SHE,Lys     ,-155,,K79G,mV,4q5p,-155.0,0.0
397,6U97,7,NHE,,179.3 +- 2.0,,,eV,6u97,179.3,2.0
396,6U97,7,NHE,,146.0 +- 3.0,,,eV,6u97,146.0,3.0
395,6U97,7,NHE,,153.0 +- 1.8,,H47F,eV,6u97,153.0,1.8
394,6U97,6,NHE,,214.5 +- 3.9,,,eV,6u97,214.5,3.9
393,6U97,6,NHE,,178.0 +- 1.6,,,eV,6u97,178.0,1.6
392,6U97,6,NHE,,179.8 +- 2.6,,H47I,eV,6u97,179.8,2.6
