,Unnamed: 0,PDB,pH,Elektrode,Ligand,EM,Delta EM,Variant,Einheit,pdb,EMv,EM_err,Notiz
0,286.0,1BE3_HisMet,,NHE,His-Met,250,,,eV,1BE3_HisMet,250.0,0.0,??????
0,286.0,1BE3,,NHE,His-Met,250,,,eV,1be3,250.0,0.0,??????
1,285.0,1BE3,,NHE,Bis-His,100,,,eV,1be3,100.0,0.0,??????
2,284.0,1BE3,,NHE,Bis-His,-10,,,eV,1be3,-10.0,0.0,??????
3,294.0,1BVB,7.0,NHE,Bis-His,-147,,,eV,1bvb,-147.0,0.0,??????
4,293.0,1BVB,7.0,NHE,His,47,,,eV,1bvb,47.0,0.0,??????
5,292.0,1BVB,7.0,NHE,Bis-His,47,,,eV,1bvb,47.0,0.0,??????
6,295.0,1BVB,7.0,NHE,Bis-His,-276,,,eV,1bvb,-276.0,0.0,??????
7,86.0,1C2R,7.0,SHE,His-Met,350,,,eV,1c2r,350.0,0.0,
,,,,,,,,,,,,,
9,252.0,1CNO,,NHE,His-Met,250,,,eV,1cno,250.0,0.0,
,,,,,,,,,,,,,
,,,,,,,,,,,,,
,,,,,,,,,,,,,
,,,,,,,,,,,,,
,,,,,,,,,,,,,
,,,,,,,,,,,,,
,,2PCB,7,SHE,His-Met,260,,,eV,2PCB_HISMET,260,,
17,301.0,1CPO,6.9,NHE,Cys,-138,,,eV,1cpo,-138.0,0.0,??????
18,318.0,1CPO,3.4,NHE,Cys,114,,,eV,1cpo,114.0,0.0,??????
19,317.0,1CPO,3.7,NHE,Cys,100,,,eV,1cpo,100.0,0.0,??????
20,302.0,1CPO,6.75,NHE,Cys,-110,,,eV,1cpo,-110.0,0.0,??????
21,303.0,1CPO,6.7,NHE,Cys,-121+-6,,,eV,1cpo,-121.0,6.0,??????
22,312.0,1CPO,4.6,NHE,Cys,80,,,eV,1cpo,80.0,0.0,??????
23,315.0,1CPO,4.0,NHE,Cys,86,,,eV,1cpo,86.0,0.0,??????
24,314.0,1CPO,4.1,NHE,Cys,84+-4,,,eV,1cpo,84.0,4.0,??????
25,313.0,1CPO,4.5,NHE,Cys,85,,,eV,1cpo,85.0,0.0,??????
26,304.0,1CPO,6.35,NHE,Cys,-115,,,eV,1cpo,-115.0,0.0,??????
27,305.0,1CPO,6.3,NHE,Cys,-103+-3,,,eV,1cpo,-103.0,3.0,??????
28,306.0,1CPO,6.2,NHE,Cys,-95,,,eV,1cpo,-95.0,0.0,??????
29,307.0,1CPO,5.85,NHE,Cys,-85,,,eV,1cpo,-85.0,0.0,??????
30,311.0,1CPO,4.75,NHE,Cys,4,,,eV,1cpo,4.0,0.0,??????
31,310.0,1CPO,5.1,NHE,Cys,-30,,,eV,1cpo,-30.0,0.0,??????
32,316.0,1CPO,3.9,NHE,Cys,90,,,eV,1cpo,90.0,0.0,??????
33,319.0,1CPO,3.0,NHE,Cys,144+-1,,,eV,1cpo,144.0,1.0,??????
34,323.0,1CPO,5.15,NHE,Cys,66,,,eV,1cpo,66.0,0.0,??????
35,321.0,1CPO,6.1,NHE,Cys,53,,,eV,1cpo,53.0,0.0,??????
36,320.0,1CPO,6.55,NHE,CO,56,,,eV,1cpo,56.0,0.0,??????
37,327.0,1CPO,4.1,NHE,Cys,106,,,eV,1cpo,106.0,0.0,??????
38,326.0,1CPO,4.3,NHE,Cys,90,,,eV,1cpo,90.0,0.0,??????
39,309.0,1CPO,5.2,NHE,Cys,-46,,,eV,1cpo,-46.0,0.0,??????
40,328.0,1CPO,3.8,NHE,Cys,112,,,eV,1cpo,112.0,0.0,??????
41,308.0,1CPO,5.7,NHE,Cys,-62+-6,,,eV,1cpo,-62.0,6.0,??????
42,325.0,1CPO,4.5,NHE,Cys,84,,,eV,1cpo,84.0,0.0,??????
43,324.0,1CPO,5.1,NHE,Cys,60,,,eV,1cpo,60.0,0.0,??????
44,322.0,1CPO,5.7,NHE,Cys,65,,,eV,1cpo,65.0,0.0,??????
,,,,,,,,,,,,,
46,95.0,1CRC,7.0,SHE,His-Met,260,,,eV,1crc,260.0,0.0,
47,194.0,1CZJ,,NHE,Bis-His,-318,,,eV,1czj,-318.0,0.0,??????
48,195.0,1CZJ,,NHE,Bis-His,-350,,,eV,1czj,-350.0,0.0,??????
49,196.0,1CZJ,,NHE,Bis-His,-280,,,eV,1czj,-280.0,0.0,??????
50,197.0,1CZJ,,NHE,Bis-His,-150,,,eV,1czj,-150.0,0.0,??????
,,,,,,,,,,,,,
52,414.0,1DJ1,7.0,SHE,His,-172.6,22.5,R48A,eV,1dj1,-172.6,0.0,
53,289.0,1DXR,,NHE,His-Met,310,,,eV,1dxr,310.0,0.0,??????
54,288.0,1DXR,,NHE,His-Met,-60,,,eV,1dxr,-60.0,0.0,??????
55,291.0,1DXR,,NHE,Bis-His,20,,,eV,1dxr,20.0,0.0,??????
56,290.0,1DXR,,NHE,His-Met,380,,,eV,1dxr,380.0,0.0,??????
57,273.0,1EB7,,NHE,His-Met,320,,,eV,1eb7,320.0,0.0,Liganden
58,272.0,1EB7,,NHE,Bis-His,-330,,,eV,1eb7,-330.0,0.0,Liganden
,,,,,,,,,,,,,
,,,,,,,,,,,,,
61,236.0,1ETP,,NHE,His-Met,330,,,eV,1etp,330.0,0.0,??????
62,234.0,1ETP,,NHE,His-Met,237,,,eV,1etp,237.0,0.0,??????
63,235.0,1ETP,,NHE,His-Met,330,,,eV,1etp,330.0,0.0,??????
64,237.0,1ETP,,NHE,His-Met,237,,,eV,1etp,237.0,0.0,??????
65,243.0,1F1C,7.0,NHE,Bis-His,-260+-20,,,eV,1f1c,-260.0,20.0,
66,,,,,,,,,,,,,
67,,,,,,,,,,,,,
68,,,,,,,,,,,,,
69,,,,,,,,,,,,,
70,187.0,1FJ0,,NHE,His-Met,350,,,eV,1fj0,350.0,0.0,
,,,,,,,,,,,,,
72,283.0,1GU2,,NHE,Bis-His,-60,,,eV,1gu2,-60.0,0.0,
73,200.0,1GYO,,NHE,Bis-His,-180,,,eV,1gyo,-180.0,0.0,??????
74,205.0,1GYO,,NHE,Bis-His,-280,,,eV,1gyo,-280.0,0.0,??????
75,204.0,1GYO,,NHE,Bis-His,-180,,,eV,1gyo,-180.0,0.0,??????
76,203.0,1GYO,,NHE,Bis-His,-295,,,eV,1gyo,-295.0,0.0,??????
77,202.0,1GYO,,NHE,Bis-His,-260,,,eV,1gyo,-260.0,0.0,??????
78,201.0,1GYO,,NHE,Bis-His,-280,,,eV,1gyo,-280.0,0.0,??????
79,198.0,1GYO,,NHE,Bis-His,-260,,,eV,1gyo,-260.0,0.0,??????
80,199.0,1GYO,,NHE,Bis-His,-295,,,eV,1gyo,-295.0,0.0,??????
81,357.0,1GYQ,9.0,SHE,,175,,,eV,1gyq,175.0,0.0,??????
82,354.0,1GYQ,7.0,SHE,,291,,,eV,1gyq,291.0,0.0,??????
83,353.0,1GYQ,6.6,SHE,His-Met,290,,when d1 heme is unbound,eV,1gyq,290.0,0.0,??????
84,355.0,1GYQ,9.1,SHE,,255,,,eV,1gyq,255.0,0.0,??????
85,358.0,1GYQ,8.0,SHE,His-Met,290,,when d1 heme is NO bound,eV,1gyq,290.0,0.0,??????
86,359.0,1GYQ,7.0,SHE,His-Met,380,,in the d1 depleted protein,eV,1gyq,380.0,0.0,??????
87,360.0,1GYQ,7.0,SHE,,287,,,eV,1gyq,287.0,0.0,??????
88,356.0,1GYQ,7.0,SHE,His-Met,214,,when d1 heme is CO bound,eV,1gyq,214.0,0.0,??????
89,,,,,,,,,,,,,
90,241.0,1H1O,,NHE,His-Met,450,,,eV,1h1o,450.0,0.0,zwei heme
91,240.0,1H1O,,NHE,His-Met,350,,,eV,1h1o,350.0,0.0,zwei heme
92,,,,,,,,,,,,,
93,255.0,1HH5,,NHE,Bis-His,-200,,,eV,1hh5,-200.0,0.0,mehrere hemes
94,256.0,1HH5,,NHE,Bis-His,-140,,,eV,1hh5,-140.0,0.0,mehrere hemes
95,257.0,1HH5,,NHE,Bis-His,-200,,,eV,1hh5,-200.0,0.0,mehrere hemes
96,281.0,1IQC,,NHE,His-Met,450,,,eV,1iqc,450.0,0.0,zwei heme
97,280.0,1IQC,,NHE,mono-His,-260,,,eV,1iqc,-260.0,0.0,zwei heme
96,281.0,1IQC_HisMet,,NHE,His-Met,450,,,eV,1IQC_HisMet,450.0,0.0,zwei heme
97,280.0,1IQC_His,,NHE,mono-His,-260,,,eV,1IQC_His,-260.0,0.0,zwei heme
,,,,,,,,,,,,,
437,1V9Z,nan,NHE,,67,,,eV,1v9z,67.0,0.0,0.0,wild auf eins getippt
649,1V9Z,nan,SHE,,63.9 +- 5,,wt,mV,1v9z,63.9,5.0,0.0,??????
,,,,,,,,,,,,,
,,,,,,,,,,,,,
104,207.0,1J0O,,NHE,Bis-His,-340,,,eV,1j0o,-340.0,0.0,??????
105,206.0,1J0O,,NHE,Bis-His,-263,,,eV,1j0o,-263.0,0.0,??????
106,209.0,1J0O,,NHE,Bis-His,-318,,,eV,1j0o,-318.0,0.0,??????
107,208.0,1J0O,,NHE,Bis-His,-291,,,eV,1j0o,-291.0,0.0,??????
108,189.0,1J8P,,NHE,His-Met,350,,,eV,1j8p,350.0,0.0,
,,,,,,,,,,,,,
,,,,,,,,,,,,,
,,,,,,,,,,,,,
112,259.0,1JJU,,NHE,Bis-His,149,,,eV,1jju,149.0,0.0,zwei heme
113,258.0,1JJU,,NHE,His-Met,235,,,eV,1jju,235.0,0.0,zwei heme
114,182.0,1JME,,SHE,Cys,-151,,F393A+AA,eV,1jme,-151.0,0.0,??????
115,181.0,1JME,,SHE,Cys,-176,,F393H+AA,eV,1jme,-176.0,0.0,??????
116,180.0,1JME,,SHE,Cys,-295,,F393Y+AA,eV,1jme,-295.0,0.0,??????
117,179.0,1JME,,SHE,Cys,-289,,wt+AA,eV,1jme,-289.0,0.0,??????
118,177.0,1JME,,SHE,Cys,-312,,F393A,eV,1jme,-312.0,0.0,??????
119,176.0,1JME,,SHE,Cys,-332,,F393H ,eV,1jme,-332.0,0.0,??????
120,178.0,1JME,,SHE,Cys,-330,,F393W+AA,eV,1jme,-330.0,0.0,??????
121,230.0,1M1R,,NHE,Bis-His,-248,,,eV,1m1r,-248.0,0.0,??????
122,231.0,1M1R,,NHE,Bis-His,-219,,,eV,1m1r,-219.0,0.0,??????
123,232.0,1M1R,,NHE,Bis-His,-138,,,eV,1m1r,-138.0,0.0,??????
124,233.0,1M1R,,NHE,Bis-His,-192,,,eV,1m1r,-192.0,0.0,??????
,,,,,,,,,,,,,
,,,,,,,,,,,,,
,,,,,,,,,,,,,
,,,,,,,,,,,,,
,,,,,,,,,,,,,
,,,,,,,,,,,,,
,,,,,,,,,,,,,
,,,,,,,,,,,,,
,,,,,,,,,,,,,
,,,,,,,,,,,,,
135,329.0,1NSI,7.0,NHE,Cys-Arg,-347,,,eV,1nsi,-347.0,0.0,??????
136,336.0,1NSI,7.0,NHE,Cys-Arg,-239,,,eV,1nsi,-239.0,0.0,??????
,,,,,,,,,,,,,
,,,,,,,,,,,,,
,,,,,,,,,,,,,
,,,,,,,,,,,,,
141,101.0,1QPU,7.0,SHE,His-Met,168,,,eV,1qpu,168.0,0.0,
142,,,,,,,,,,,,,
143,,,,,,,,,,,,,
144,,,,,,,,,,,,,
145,,,,,,,,,,,,,
146,,,,,,,,,,,,,
147,,,,,,,,,,,,,
148,,,,,,,,,,,,,
149,,,,,,,,,,,,,
150,,,,,,,,,,,,,
151,,,,,,,,,,,,,
152,,,,,,,,,,,,,
153,,,,,,,,,,,,,
154,,,,,,,,,,,,,
155,,,,,,,,,,,,,
156,,,,,,,,,,,,,
157,,,,,,,,,,,,,
158,,,,,,,,,,,,,
159,,,,,,,,,,,,,
160,,,,,,,,,,,,,
161,,,,,,,,,,,,,
162,,,,,,,,,,,,,
163,,,,,,,,,,,,,
164,,,,,,,,,,,,,
165,,,,,,,,,,,,,
166,,,,,,,,,,,,,
167,,,,,,,,,,,,,
168,135.0,1UPD,,SCE,His-His,-324.9,,heme 3,eV,1upd,-324.9,0.0,red
169,133.0,1UPD,,SCE,His-His,-320.9,,heme 1,eV,1upd,-320.9,0.0,red
170,132.0,1UPD,,SCE,His-His,-302.8,,heme 4,eV,1upd,-302.8,0.0,ox
171,131.0,1UPD,,SCE,His-His,-339.8,,heme 3,eV,1upd,-339.8,0.0,ox
172,130.0,1UPD,,SCE,His-His,-327.6,,heme 2,eV,1upd,-327.6,0.0,ox
173,129.0,1UPD,,SCE,His-His,-270,,heme 1,eV,1upd,-270.0,0.0,ox
174,134.0,1UPD,,SCE,His-His,-291.4,,heme 2,eV,1upd,-291.4,0.0,red
175,135.0,1UPD,,SCE,His-His,-324.9,,heme 3,eV,1upd,-324.9,0.0,red
176,437.0,1V9Z,,NHE,His-Met,67,,,eV,1v9z,67.0,0.0,HIER
177,649.0,1V9Z,,SHE,His-Met,63.9 +- 5,,wt,mV,1v9z,63.9,5.0,HIER
178,121.0,1YNR,7.0,SCE,His-Met,236+-2,,wild type,eV,1ynr,236.0,2.0,
179,103.0,256B,7.0,SHE,His-Met,168,,,eV,256b,168.0,0.0,
180,102.0,256B,7.0,SHE,His-Met,168,,,eV,256b,168.0,0.0,
181,346.0,2C1D,7.0,NHE,Cys-His,?,,,eV,2c1d,,0.0,
182,347.0,2C1D,7.0,NHE,Css-His,-432+-15,,,eV,2c1d,-432.0,15.0,
183,348.0,2C1D,7.0,NHE,Met-His,189+-15,,,eV,2c1d,189.0,15.0,
184,210.0,2CDV,,NHE,Bis-His,-318,,,eV,2cdv,-318.0,0.0,
185,211.0,2CDV,,NHE,Bis-His,-340,,,eV,2cdv,-340.0,0.0,
186,212.0,2CDV,,NHE,Bis-His,-263,,,eV,2cdv,-263.0,0.0,
187,213.0,2CDV,,NHE,Bis-His,-291,,,eV,2cdv,-291.0,0.0,
188,45.0,2CE0,7.0,SHE,His-Met,89,,I17A/G18A oxidized ,mV,2ce0,89.0,0.0,
189,43.0,2CE0,7.0,SHE,His-Met,83,,I17A/G18A oxidized ,mV,2ce0,83.0,0.0,
190,221.0,2CTH,,NHE,Bis-His,-305,,,eV,2cth,-305.0,0.0,
191,220.0,2CTH,,NHE,Bis-His,-250,,,eV,2cth,-250.0,0.0,
192,219.0,2CTH,,NHE,Bis-His,-345,,,eV,2cth,-345.0,0.0,
193,218.0,2CTH,,NHE,Bis-His,-305,,,eV,2cth,-305.0,0.0,
194,217.0,2CTH,,NHE,Bis-His,-305,,,eV,2cth,-305.0,0.0,
195,216.0,2CTH,,NHE,Bis-His,-250,,,eV,2cth,-250.0,0.0,
196,215.0,2CTH,,NHE,Bis-His,-345,,,eV,2cth,-345.0,0.0,
197,214.0,2CTH,,NHE,Bis-His,-305,,,eV,2cth,-305.0,0.0,
198,44.0,2DGE,7.0,SHE,His-Met,94,,wt ,mV,2dge,94.0,0.0,
199,42.0,2DGE,7.0,SHE,His-Met,71,,wt ,mV,2dge,71.0,0.0,
200,,,,,,,,,,,,,
201,174.0,2HPD,,SHE,Cys,-427,,wt ,eV,2hpd,-427.0,0.0,
202,49.0,2V07,7.0,SHE,His-Met,83,12.0,AA,mV,2v07,83.0,0.0,
203,48.0,2V07,7.0,SHE,His-Met,105,34.0,A31K,mV,2v07,105.0,0.0,
204,50.0,2V07,7.0,SHE,His-Met,168,97.0,AA-V52Q,mV,2v07,168.0,0.0,
205,47.0,2V07,7.0,SHE,His-Met,180,109.0,V52Q,mV,2v07,180.0,0.0,
206,46.0,2V07,7.0,SHE,His-Met,168,,I17A/G18A/V52Q oxidized,mV,2v07,168.0,0.0,
207,58.0,2YCC,7.4,SHE,Met,262+-3,,K79G,mV,2ycc,262.0,3.0,??????
208,59.0,2YCC,7.4,SHE,His-Met,197+-4,,T49V/K79G,mV,2ycc,197.0,4.0,
209,92.0,2YCC,7.0,SHE,His-Met,290,,,eV,2ycc,290.0,0.0,
210,60.0,2YCC,7.4,SHE,His-Met,275+-3,,T78V/K79G,mV,2ycc,275.0,3.0,
211,116.0,351C,7.0,SCE,His-Met,276+-2,,wild type,eV,351c,276.0,2.0,
212,225.0,3CAO,,NHE,Bis-His,-240,,,eV,3cao,-240.0,0.0,??????
213,224.0,3CAO,,NHE,Bis-His,-260,,,eV,3cao,-260.0,0.0,??????
214,223.0,3CAO,,NHE,Bis-His,-270,,,eV,3cao,-270.0,0.0,??????
215,222.0,3CAO,,NHE,Bis-His,-210,,,eV,3cao,-210.0,0.0,??????
216,229.0,3CAR,,NHE,Bis-His,-240,,,eV,3car,-240.0,0.0,??????
217,228.0,3CAR,,NHE,Bis-His,-260,,,eV,3car,-260.0,0.0,??????
218,227.0,3CAR,,NHE,Bis-His,-270,,,eV,3car,-270.0,0.0,??????
219,226.0,3CAR,,NHE,Bis-His,-210,,,eV,3car,-210.0,0.0,??????
220,343.0,4K8F,7.0,NHE,Cys-His,-320,,wt,eV,4k8f,-320.0,0.0,
221,365.0,4MU8,7.0,SHE,Met-His,269,,wt,eV,4mu8,269.0,0.0,
222,61.0,4Q5P,7.4,SHE,Lys     ,-155,,K79G,mV,4q5p,-155.0,0.0,
223,62.0,4Q5P,7.4,SHE,Lys-His,-151,,T49V/K79G,mV,4q5p,-151.0,0.0,
224,63.0,4Q5P,7.4,SHE,Lys-His,-144,,T78V/K79G,mV,4q5p,-144.0,0.0,
225,397.0,6U97,7.0,NHE,His-Met,179.3 +- 2.0,,,eV,6u97,179.3,2.0,OmcF
,,,,,,,,,,,,,
182,347.0,2C1D_CSS,7.0,NHE,Css-His,-432+-15,,,eV,2C1D_CSS,-432.0,15.0,
183,348.0,2C1D_Met,7.0,NHE,Met-His,189+-15,,,eV,2C1D_Met,189.0,15.0,
,,,,,,,,,,,,,
,2GSM,2GSM,nan,NHE,Bis-His,300,,,eV,2GSM_BISHIS,300.0,0.0,
