pdb,PDB,pH,Elektrode,Ligand,EM,Delta EM,Variant,Einheit,EMv,EM_err
1A6G,1A6G,nan,NHE,mono-His,50,,,eV,50.0,0.0
1A6K,1A6K,nan,NHE,mono-His,50,,,eV,50.0,0.0
1A6M,1A6M,nan,NHE,mono-His,50,,,eV,50.0,0.0
1AW3,1AW3,7,SHE,Bis-His,-102,,wt,eV,-102.0,0.0
1B5A,1B5A,7,SHE,Bis-His,-102,,wt,eV,-102.0,0.0
1BOB,1BOB,nan,NHE,mono-His,103,,,eV,103.0,0.0
1C75,1C75,7,SHE,His-Met,47,,,eV,47.0,0.0
1CCC,1CCC,7,SHE,mono-His,-78,94.599999999999994,D235A,eV,-78.0,0.0
1CCE,1CCE,7,SHE,HOH,-127,,H175G,eV,-127.0,0.0
1CCG,1CCG,7,SHE,IMD,-127,,H175G,eV,-127.0,0.0
1CCK,1CCK,7,SHE,His-His,-178.69999999999999,-6.0999999999999996,F202Y,eV,-178.7,0.0
1CMQ,1CMQ,7,SHE,His,-164.5,8.0999999999999996,W191G,eV,-164.5,0.0
1CMT,1CMT,7,SHE,His,-164.5,8.0999999999999996,W191G,eV,-164.5,0.0
1CO6,1CO6,7,SHE,His-Met,296,,,eV,296.0,0.0
1CRY,1CRY,7,SHE,His-Met,296,,,eV,296.0,0.0
1CTJ,1CTJ,7,SHE,His-Met,358,,wt,mV,358.0,0.0
1CXC,1CXC,nan,NHE,His-Met,355,,,eV,355.0,0.0
1CYI,1CYI,7,SHE,His-Met,370,,wt ,mV,370.0,0.0
1CYJ,1CYJ,7,SHE,His-Met,370,,wt ,mV,370.0,0.0
1CYO,1CYO,7,SHE,Bis-His,-10,,wt,eV,-10.0,0.0
1DRM,1DRM,7,NHE,His,68,,,eV,68.0,0.0
1E+029,1E+029,nan,NHE,Bis-His,-250,,,eV,-250.0,0.0
1EBT,1EBT,nan,NHE,mono-His,103,,,eV,103.0,0.0
1EHB,1EHB,7,SHE,Bis-His,-10,,wt,eV,-10.0,0.0
1ES1,1ES1,7,SHE,Bis-His,12,,V61H,eV,12.0,0.0
1EUE,1EUE,7,SHE,Bis-His,-63,,V451/V611,eV,-63.0,0.0
1EWH,1EWH,7,SHE,His-Ntr,350,,,eV,350.0,0.0
1F1F,1F1F,7,SHE,His-Met,314,,wt,mV,314.0,0.0
1FHF,1FHF,nan,SHE,His,-443,,,mV,-443.0,0.0
1FLP,1FLP,nan,NHE,mono-His,103,,,eV,103.0,0.0
1GIW,1GIW,7,SHE,His-Met,260,,,eV,260.0,0.0
1H9X,1H9X,7,SHE,His-Met,60+-5,,,eV,60.0,5.0
1HJT,1HJT,nan,NHE,mono-His,50,,,eV,50.0,0.0
1HRC,1HRC,7,SHE,His-Met,260,,,eV,260.0,0.0
1IO3,1IO3,7,SHE,His-Met,296,,,eV,296.0,0.0
1JBQ,1JBQ,7.2000000000000002,NHE,Cys-His,-291+-5,,,eV,-291.0,5.0
1JDL,1JDL,nan,NHE,His-Met,293,,,eV,293.0,0.0
1JP6,1JP6,nan,NHE,mono-His,50,,,eV,50.0,0.0
1JP9,1JP9,nan,NHE,mono-His,50,,,eV,50.0,0.0
1LS9,1LS9,7,SHE,His-Met,355,,wt,mV,355.0,0.0
1MOH,1MOH,nan,NHE,mono-His,103,,,eV,103.0,0.0
1MZ4,1MZ4,nan,NHE,Bis-His,-240,,,eV,-240.0,0.0
1VB6,1VB6,nan,SHE,His-Met,63.9 +- 5,,wt,mV,63.9,5.0
1WEJ,1WEJ,7,SHE,His-Met,260,,,eV,260.0,0.0
1YCC,1YCC,7,SHE,His-Met,290,,,eV,290.0,0.0
2BGV,2BGV,nan,NHE,His-Met,255,,,eV,255.0,0.0
2GSM,2GSM,nan,NHE,Bis-His,300,,,eV,300.0,0.0
2OYY,2OYY,8,NHE,Tyr,-540,,,eV,-540.0,0.0
2PCB,2PCB,7,SHE,His-Met,260,,,eV,260.0,0.0
2V08,2V08,7,SHE,His-Met,325,,wt,mV,325.0,0.0
3CCX,3CCX,7,SHE,His,-181.09999999999999,-8.5,A147Y,eV,-181.1,0.0
3CU4,3CU4,8,NHE,His,125.0 +- 4.5,,wt,eV,125.0,4.5
451C,451C,7,SCE,His-Met,270,,,eV,270.0,0.0
5MCS,5MCS,8,NHE,His,125.0 +- 4.5,,wt,eV,125.0,4.5
1BVB,1BVB,7,NHE,His,47,,,,47,
